,surface_area,agricultural_land,forest_area,armed_forces_total,urban_pop_major_cities,urban_pop_minor_cities,national_income,inflation_annual,inflation_monthly,inflation_weekly,mobile_subscriptions,internet_users,secure_internet_servers_total,improved_sanitation,women_parliament_seats_rate,life_expectancy
0,120540.0,2632839.465438,5417843.0362308,1379000.0,55.74716868727417,4.688831312725839,unknown,,,,less than 1 per person,0 per 1000 people,,high access,[0%-25%),69.49419512
1,752610.0,24030389.1056928,49575535.0519965,16500.0,16.89068666356503,23.13631333643497,very low,,0.5814730045833333,,less than 1 per person,154 per 1000 people,2623624.0,low access,[0%-25%),59.23736585
2,1396.0,3000.00000046,79.99999964,,18.390089795369924,23.139910204630073,unknown,,,,more than 1 per person,90 per 100 people,1656589083.0,no info,unknown,81.3
3,2758812.0,122884535.21707188,105094302.73621105,1518650.0,50.96688483953209,24.52242746046793,high,1.374906203,,,more than 1 per person,76 per 100 people,662507174.0,very high access,[25%-50%),81.37319674
4,340.0,11000.0000012,16990.000001599998,,5.311884719001142,30.271115280998856,unknown,-0.044228555,,,more than 1 per person,350 per 1000 people,28328077.0,very high access,[25%-50%),73.19356098
5,783560.0,39102151.5800544,11614276.688854,612800.0,37.69952366058005,34.134476339419955,medium low,,0.7409641637500001,,less than 1 per person,45 per 100 people,116600363.0,very high access,[0%-25%),74.86243902
6,28460395.0,839147521.3345214,1081037623.5611632,5032780.0,32.85355803999856,37.46938735000143,medium high,2.773338541,,,more than 1 per person,64 per 100 people,470224108.0,very high access,[0%-25%),76.56936788
7,549091.0,28927193.40937873,16696523.58443373,325600.0,24.582760755714347,54.237239244285654,high,1.9556855,,,less than 1 per person,81 per 100 people,409308504.0,very high access,[25%-50%),81.96829268
8,357170.0,17076607.791422304,11695590.7794935,186450.0,18.091168047255927,56.596831952744076,high,2.008491182,,,more than 1 per person,82 per 100 people,1110775080.0,very high access,[25%-50%),80.89268293
10,716.0,740.3399431439999,16581.586404679998,147600.0,51.28834382846825,48.71165617153175,unknown,,0.3773875539166667,,more than 1 per person,72 per 100 people,635306076.0,very high access,[0%-25%),81.99512195
11,9831510.0,439271624.35496336,332398763.55450183,1492200.0,52.40315626705856,28.70484373294144,high,2.069337265,,,less than 1 per person,79 per 100 people,1473146155.0,very high access,[0%-25%),78.74146341
12,18270.0,424999.9999161,1002619.9999746,3500.0,49.97135656028705,2.6246434397129548,low,,0.28402777775000004,,less than 1 per person,337 per 1000 people,35462697.0,very high access,unknown,69.74321951
13,14455816.0,564680267.2532959,404446862.5102426,3145650.0,13.579249887658277,15.372116652341724,very low,,0.5627602930833334,,less than 1 per person,44 per 1000 people,936538.0,low access,[0%-25%),60.25992568
14,134325255.2,5067599513.502822,4132116650.3896346,27206623.0,13.218315172367538,39.70318679763246,medium low,2.655488016,,,less than 1 per person,380 per 1000 people,159350993.0,medium access,[0%-25%),71.20961469
15,114760.0,3816512.9482068,4489236.9633348,9450.0,34.14852301397658,8.937476986023434,very low,0.971851852,,,less than 1 per person,49 per 1000 people,1065661.0,very low access,[0%-25%),59.31202439
17,342000.0,10642559.29848,22397544.948420007,12000.0,39.197193111048634,25.33380688895138,very low,,0.4974107385833333,,more than 1 per person,66 per 1000 people,1137829.0,very low access,[0%-25%),61.66639024
18,1100.0,5342.8571427,,,61.28741134362827,38.71258865637173,unknown,,0.3380503145,,more than 2 per person,73 per 100 people,636653342.0,no info,unknown,83.4804878
20,41620894.0,1867161538.8778481,1199460632.702346,8284713.0,35.85119766569123,25.05063498430877,medium low,2.8165028210000003,,,less than 1 per person,44 per 100 people,17156152.0,high access,[0%-25%),74.31709027
21,267670.0,5360256.1422072,23477090.8515442,6700.0,35.89213439770995,50.76586560229004,medium low,0.480142671,,,more than 2 per person,92 per 1000 people,9694907.0,low access,[0%-25%),63.84358537
22,13880.0,19412.58741812,714105.894126,1300.0,5.680566342835267,77.05143365716475,medium high,0.34687809700000005,,,less than 1 per person,72 per 100 people,267308206.0,very high access,[0%-25%),75.07353659
24,9250.0,116525.97405,172966.99135,12750.0,58.466049921969955,8.794950078030048,medium high,2.3897689580000003,,,less than 1 per person,61 per 100 people,786325725.0,very high access,[0%-25%),79.76226829
25,2590.0,130879.9999927,86699.9999873,1510.0,5.446646188369383,84.12135381163061,very high,1.7340307940000002,,,more than 1 per person,94 per 100 people,2190076561.0,very high access,[0%-25%),81.79756098
26,207600.0,8999308.067939999,8771972.204412,158000.0,44.21538577621475,31.251614223785246,medium low,,,,more than 1 per person,47 per 100 people,19547760.0,very high access,[25%-50%),71.96585366
27,1098580.0,38201337.2077512,56122601.644142605,83200.0,61.16444987872569,6.531550121274308,low,,0.4762983415,,less than 1 per person,369 per 1000 people,9134676.0,low access,[25%-50%),67.91343902
30,810.0,33999.9999984,12150.0,,31.09367799774518,12.96132200225482,low,,,,less than 1 per person,115 per 1000 people,9212854.0,low access,[0%-25%),65.76658537
32,580370.0,28175182.031070195,4425430.870865971,29100.0,14.93841622148332,9.84158377851668,very low,,0.47652284,,less than 1 per person,390 per 1000 people,4852049.0,low access,[0%-25%),60.95378049
33,109880.0,6546721.19019,3192485.2654307997,75500.0,2.9546393358789484,73.91736066412105,unknown,,,,less than 1 per person,279 per 1000 people,440044.0,very high access,[25%-50%),79.25639024
34,24276156.7,605695064.1858209,937509048.5900687,2455300.0,23.322805304556685,57.12260348544333,medium high,2.206461781,,,more than 1 per person,67 per 100 people,100158311.0,high access,[0%-25%),74.07102014
35,2344860.0,27099239.984031603,158781066.71750823,134250.0,20.50832125368073,20.441678746319273,very low,,0.8101523385833334,,less than 1 per person,17 per 1000 people,241851.0,low access,[0%-25%),57.85407317
36,2840.0,35123.674922800004,171604.2402868,,15.127598038884635,4.5114019611153635,low,2.049018835,,,less than 1 per person,129 per 1000 people,26468891.0,very high access,[0%-25%),72.98004878
38,267710.0,11291585.0511077,10321236.7030661,8500.0,15.218814475346296,71.0041855246537,high,1.302862025,,,more than 1 per person,83 per 100 people,1108034488.0,no info,[25%-50%),81.40731707
40,118480.0,7276190.072392,4000019.5164992,6800.0,13.590645651667067,2.353354348332932,very low,,,0.5246794871153846,less than 1 per person,50 per 1000 people,926491.0,low access,[0%-25%),61.466
41,330800.0,7787971.3893,22304105.675772,133600.0,12.822739247924874,59.70326075207514,medium low,1.655361757,,,more than 1 per person,66 per 100 people,66156845.0,very high access,[0%-25%),74.42331707
43,111000.0,5107267.8697500015,3873752.7629400003,47300.0,70.31483660638632,2.9851633936136746,medium low,0.8900935409999999,,,more than 1 per person,53 per 100 people,145902714.0,high access,[0%-25%),74.46585366
44,947300.0,42456321.97282,50451371.416140005,28400.0,14.252499768752356,15.240500231247644,very low,,,0.3077133432692308,less than 1 per person,40 per 1000 people,740045.0,very low access,[25%-50%),63.52090244
45,390760.0,16363737.8813564,15150801.065683998,50800.0,27.25950789366096,5.574492106339044,very low,,,,less than 1 per person,171 per 1000 people,2814874.0,low access,[0%-25%),53.64307317
46,309500.0,1472800.0001434996,2000.000142,47000.0,6.882816719133342,69.32118328086665,medium low,2.910702521,,,more than 1 per person,60 per 100 people,52465424.0,very high access,[0%-25%),76.58956098
47,17098250.0,226391522.39063752,850912791.1848199,1260000.0,46.764176452522726,27.086823547477266,medium low,,0.5635418775833333,,more than 1 per person,68 per 100 people,51133426.0,medium access,[0%-25%),71.07317073
48,147180.0,4231104.150543598,3733146.00615,157750.0,3.6246144944344287,13.893385505565572,very low,,0.78784839525,,less than 1 per person,111 per 1000 people,2472681.0,low access,[25%-50%),68.82331707
49,1964380.0,107826419.3464942,66919174.67871021,325450.0,4.657008601831016,74.03399139816898,medium low,,0.31719915191666664,,less than 1 per person,43 per 100 people,26151585.0,high access,[25%-50%),76.53265854
50,17360.0,1233367.4418968,582165.5813792001,,3.8370802382714015,17.4999197617286,low,,0.4682999514166668,,less than 1 per person,247 per 1000 people,8795490.0,medium access,[0%-25%),48.93792683
52,190.0,9500.0,800.00000004,,1.6201429080068388,29.568857091993166,unknown,,,,unknown,unknown,,no info,unknown,80.31865854
53,644330.0,,,210000.0,17.421736858471192,0.7782631415288073,unknown,,,,less than 1 per person,unknown,,very low access,[25%-50%),54.727
54,406752.0,22011497.60993376,16686967.527686402,25450.0,18.01968822923916,40.920311770760826,low,,0.30632658166666665,,more than 1 per person,293 per 1000 people,11443509.0,high access,[0%-25%),72.654
55,15769280.0,556895077.7323009,854488896.1104767,2114374.0,64.97557601037646,12.184626169623542,medium low,,0.3426257121666667,,more than 1 per person,41 per 100 people,36476769.0,high access,[0%-25%),74.14676850000002
56,88360.0,5121162.1310632005,2745161.1249136003,28150.0,18.839250780263963,36.533749219736045,unknown,,0.6411886357500001,,more than 1 per person,52 per 100 people,34756479.0,very high access,[25%-50%),75.13658537
57,65130.0,873541.6641861,4013227.7924154,,25.812726103456203,10.9495476065438,low,2.049018835,,,less than 1 per person,209 per 1000 people,40479653.0,medium access,unknown,69.53548143
59,475440.0,9806308.305847198,19588478.0094192,23200.0,15.619541928961846,37.057458071038155,very low,2.942510001,,,less than 1 per person,57 per 1000 people,1200398.0,low access,[0%-25%),54.5875122
60,163610.0,10448882.724722099,1064054.7373169102,47800.0,14.693375598805847,51.58062440119415,low,,0.42817642483333335,,more than 1 per person,41 per 100 people,13082811.0,very high access,[25%-50%),73.99512195
61,56790.0,4019884.170164101,258316.71263577,9300.0,12.880980529399723,25.61201947060028,very low,2.630773937,,,less than 1 per person,40 per 1000 people,3261394.0,very low access,[0%-25%),58.55385366
62,527970.0,23549999.9993073,549000.00019773,137900.0,32.75009839486643,0.1239016051335824,very low,,,,less than 1 per person,174 per 1000 people,442073.0,medium access,[0%-25%),63.32729268
63,1030700.0,39661000.00210699,234999.99991160003,20850.0,17.24120835751394,40.75879164248606,very low,,0.4113233178333333,,more than 1 per person,50 per 1000 people,1853290.0,low access,[0%-25%),62.56017073
65,83600.0,381700.0000264,319419.99998920003,51000.0,5.73797777607663,78.94602222392336,high,0.664067308,,,more than 1 per person,85 per 100 people,188884900.0,very high access,[0%-25%),77.02414634
68,131960.0,8330166.9516552,4088405.3994516,148950.0,50.4900819169615,26.852918083038503,medium high,-0.921271918,,,more than 1 per person,60 per 100 people,136295019.0,very high access,[0%-25%),80.63414634
69,238390.0,14232718.3280956,6895504.8511475995,151300.0,30.14231242152597,23.948687578474036,medium low,,0.2778166876666667,,more than 1 per person,46 per 100 people,70794572.0,high access,[0%-25%),74.46341463
70,1284000.0,50918472.04992,5229200.127396,34850.0,2.5054004327902635,19.721599567209736,very low,0.145451048,,,less than 1 per person,23 per 1000 people,,very low access,[0%-25%),51.1914878
72,505940.0,27250625.6966268,18559798.134291396,213950.0,30.26737709471102,48.86162290528896,medium high,1.408628285,,,more than 1 per person,72 per 100 people,269197509.0,very high access,[25%-50%),82.42682927
73,27750.0,1782202.4674349998,100085.26851825,50.0,48.71414259448445,6.12685740551555,very low,,0.5233054580000002,,less than 1 per person,98 per 1000 people,1652278.0,low access,[0%-25%),62.03339024
74,65610.0,2866710.2536367998,2179536.788142,223100.0,7.119549476356488,11.180450523643513,low,,0.57596221075,,less than 1 per person,219 per 1000 people,8983059.0,very high access,[0%-25%),74.24029268
75,1240190.0,42333696.9550915,5033167.6870265,7800.0,25.59301627795548,11.985983722044525,very low,,0.4522822658333334,,less than 1 per person,28 per 1000 people,930964.0,very low access,[0%-25%),57.095
76,10450.0,672150.5376244999,140089.24732,80000.0,50.10858946562986,37.43941053437013,medium low,,0.4619857280833333,,less than 1 per person,70 per 100 people,42728975.0,high access,[0%-25%),80.12887805
77,340.0,11000.0000012,16990.000001599998,,4.2700772608122115,31.330922739187788,unknown,2.41077704,,,more than 1 per person,320 per 1000 people,47404149.0,very high access,[0%-25%),73.00226829
78,652860.0,37909999.9980702,1349999.99969328,330650.0,5.871005817743082,19.999994182256923,very low,,0.6378597139166667,,less than 1 per person,59 per 1000 people,977756.0,low access,[25%-50%),60.02826829
79,130370.0,5528320.675180402,3373543.1275101,12000.0,37.9133176695655,19.9276823304345,low,,0.5994677979166666,,less than 1 per person,135 per 1000 people,10549539.0,medium access,[25%-50%),74.21246341
82,267710.0,11396712.902168997,10321033.358581401,8550.0,40.612046832170506,45.5879531678295,high,0.883430295,,,more than 1 per person,82 per 100 people,1474331345.0,no info,[25%-50%),81.15609756
84,65300.0,2961286.339009,2265089.191407,23350.0,56.701984822855216,9.902015177144788,medium low,,0.25724698566666665,,more than 1 per person,67 per 100 people,272778421.0,very high access,[0%-25%),73.86341463
85,14870.0,380000.0000158,708399.999949,1330.0,18.518623282332374,12.966376717667623,unknown,,,0.2145504319230769,less than 1 per person,11 per 1000 people,847408.0,low access,[25%-50%),67.52236585
86,2396930.0,84774445.4798337,90918192.3619255,90530.0,37.16175898672074,8.628797753279258,low,2.205892681,,,more than 1 per person,240 per 1000 people,40684061.0,medium access,[0%-25%),64.86720408
87,23200.0,1703468.5074399996,5604.83174,12950.0,52.33901201859161,24.8469879814084,unknown,2.420593208,,,less than 1 per person,95 per 1000 people,4626663.0,low access,[0%-25%),61.68646341
88,49036.0,1965396.48976476,1977633.05628512,15850.0,13.740132630332965,40.42286736966704,medium high,,0.3005085529166667,,more than 1 per person,77 per 100 people,226348982.0,very high access,[0%-25%),76.1097561
89,7741220.0,408583814.491323,124776700.8293708,56200.0,75.3220126651488,13.692987334851182,very high,1.762780156,,,more than 1 per person,79 per 100 people,1721073691.0,very high access,[0%-25%),82.04634146
90,16270863.0,780108614.900266,482742051.8023972,7180730.0,7.397338359237257,42.484845250762746,low,,0.26434047050000004,,less than 1 per person,361 per 1000 people,5150001.0,medium access,[0%-25%),73.50340561
91,92220.0,3666651.0919326004,3226491.8774232003,79850.0,29.800797679918045,32.53720232008196,medium high,0.274416667,,,more than 1 per person,62 per 100 people,218412123.0,very high access,[25%-50%),80.37317073
92,1104300.0,40040813.7,13712976.54,138000.0,13.388194895259259,5.201805104740738,very low,,0.6732060271666667,,less than 1 per person,19 per 1000 people,169208.0,low access,[25%-50%),63.44219512
93,267670.0,5360256.1422072,23269328.986998897,6700.0,73.44274262872909,12.924257371270896,medium low,2.661784381,,,more than 1 per person,86 per 1000 people,11155948.0,low access,[0%-25%),63.28073171
94,1141748.0,43856295.23840404,60284592.83009224,440224.0,71.89861697228966,3.704383027710364,medium low,,0.26474453116666663,,more than 1 per person,49 per 100 people,28945617.0,high access,[0%-25%),73.63078049
95,750.0,32291.66667,9375.0,,18.034448752224463,5.525551247775535,low,0.712058511,,,less than 1 per person,350 per 1000 people,19022437.0,very high access,[0%-25%),72.64034146
96,33449119.0,1128101176.5358725,1052355342.5078807,4725510.0,11.190121789496636,69.26516352050336,high,1.421677444,,,more than 1 per person,82 per 100 people,988122890.0,very high access,[25%-50%),80.65043473
98,88360.0,5103987.194058,2743746.7181184,28150.0,43.59235245156528,11.71464754843472,unknown,,0.6108654913333333,,more than 1 per person,48 per 100 people,37782621.0,very high access,[25%-50%),74.83658537
99,4030.0,84000.0000138,87020.0000033,1200.0,24.770875095003586,38.61812490499641,low,2.543293964,,,less than 1 per person,347 per 1000 people,23958313.0,medium access,[0%-25%),72.82821951
101,430.0,13999.9999979,6299.9999997,610.0,3.81457243122662,27.95442756877339,medium high,,0.37777896158333335,,more than 1 per person,70 per 100 people,376447191.0,very high access,[0%-25%),75.17102439
102,622980.0,5080000.000027499,22201199.997318,8150.0,38.78735569410953,0.7126443058904712,very low,1.501845124,,,less than 1 per person,35 per 1000 people,212284.0,very low access,unknown,49.87987805
103,447400.0,28133403.856108002,3421505.698239,68000.0,3.428543621594573,32.75345637840543,low,,,,less than 1 per person,365 per 1000 people,671716.0,very high access,[0%-25%),68.104
104,320.0,10230.0,350.0,2130.0,50.15020158146043,44.988798418539574,unknown,1.374906203,,,more than 1 per person,69 per 100 people,1469150208.0,very high access,[0%-25%),80.74634146
107,1861.0,132999.99999825002,37800.0000044,,0.5234901151714665,27.58050988482853,very low,,,,less than 1 per person,65 per 1000 people,1330323.0,low access,[0%-25%),62.93217073
108,770.0,8600.000000900001,569.9999998000002,19460.0,13.340822325588102,75.32617767441191,medium high,,0.2657706744166667,,more than 1 per person,90 per 100 people,140059448.0,very high access,[0%-25%),76.54595122
109,20270.0,481186.04761400004,1255653.0287499,13550.0,48.48254447478354,1.2814555252164652,medium high,1.760351239,,,more than 1 per person,73 per 100 people,547585309.0,very high access,[25%-50%),80.27804878
110,36130.0,2094306.543478,2559422.4750003,6450.0,31.227327136258875,16.519672863741125,very low,1.207125557,,,less than 1 per person,31 per 1000 people,1138215.0,very low access,[0%-25%),54.83841463
113,338420.0,2515125.76924788,24742556.714930207,25000.0,39.082713009247755,44.86928699075226,high,1.4759366669999998,,,more than 1 per person,92 per 100 people,1546983511.0,very high access,[25%-50%),80.83170732
114,43090.0,2649583.0781126,611526.6178551,17200.0,53.17463354079033,34.149366459209666,very high,0.78261432,,,more than 1 per person,95 per 100 people,2102607832.0,very high access,[25%-50%),80.30243902
116,48670.0,2369036.4239022997,1930482.6573169997,61000.0,64.52179916973465,12.560200830265346,medium low,,0.40257924725,,less than 1 per person,46 per 100 people,20619744.0,high access,[0%-25%),73.31990244
117,111370.0,3121874.9998002,4901343.750555,2050.0,5.5410239155199195,43.37997608448008,very low,,0.6312414880833334,,less than 1 per person,32 per 1000 people,931599.0,very low access,[0%-25%),60.52039024
118,62144163.5,2758806667.78497,1742308628.2759569,16917543.0,7.450535045268415,40.956069624731576,low,,0.3530422375833335,,less than 1 per person,308 per 1000 people,9976189.0,medium access,[0%-25%),70.30486433
119,13152838.5,504456351.6778666,37568745.91584855,3542060.0,51.34581587545846,5.503186794541541,medium low,,0.3541316605833333,,more than 1 per person,300 per 1000 people,13185508.0,high access,[0%-25%),70.42899084
120,796100.0,37242831.959025,1653378.087764,947800.0,33.9620590329244,3.4659409670756034,very low,,0.8070877841666667,,less than 1 per person,100 per 1000 people,1285287.0,medium access,[0%-25%),65.71687805
122,9984670.0,71749879.39739227,381235110.4636404,66000.0,68.812478328894,12.480521671106017,high,1.515678231,,,less than 1 per person,83 per 100 people,1237918334.0,very high access,[0%-25%),81.23804878
123,131960.0,8339380.604712799,4057488.4712576005,147350.0,34.327526518106936,42.67247348189305,medium high,1.501519795,,,more than 1 per person,55 per 100 people,171192572.0,very high access,[0%-25%),80.63414634
124,2149690.0,173295000.00431308,977000.00016815,251500.0,29.582233744501124,53.136766255498884,medium high,,0.29218863474999995,,more than 1 per person,60 per 100 people,32680982.0,very high access,[0%-25%),74.17763415
125,513120.0,21955417.408315197,16380187.671940802,453550.0,46.572483177951604,0.1095168220483913,low,,0.25124162525,,more than 1 per person,265 per 1000 people,19459792.0,very high access,[0%-25%),74.07190244
126,947300.0,42402850.534925,50053543.91441201,28400.0,30.12142491745818,0.07457508254181278,very low,,0.6558936371666667,,less than 1 per person,44 per 1000 people,1055494.0,very low access,[25%-50%),64.29182927
127,446550.0,30420030.583156496,5659168.2725175,245800.0,1.945768486515568,56.75123151348443,low,1.278741213,,,more than 1 per person,55 per 100 people,3516836.0,high access,[0%-25%),73.36465854
128,56790.0,3988560.3968519997,237643.02261324,9300.0,3.9367366931226497,35.04226330687735,very low,1.766766021,,,less than 1 per person,45 per 1000 people,3030863.0,very low access,[0%-25%),59.13236585
129,338420.0,2544748.2376861204,24742556.714930207,25000.0,73.39095771849419,10.42804228150581,high,2.8083323260000004,,,more than 1 per person,90 per 100 people,1612679492.0,very high access,[25%-50%),80.62682927
130,20523269.5,895538378.6193166,545041061.0139813,8761180.0,12.81595782935637,24.82118197064363,low,,0.38014915741666666,,less than 1 per person,172 per 1000 people,3797597.0,low access,[0%-25%),66.69771387
131,1285220.0,24425204.46875,74779521.621875,192000.0,11.68315164629708,65.93284835370292,medium low,,0.3044776965833333,,less than 1 per person,382 per 1000 people,21552605.0,medium access,[0%-25%),74.05765854
132,24291138.5,1065506666.2870328,630369547.5850643,1845910.0,6.0244185051057215,30.70380630489428,low,,0.4553668226666667,,less than 1 per person,169 per 1000 people,6707838.0,low access,[0%-25%),58.0773024
133,11370800.0,377173915.754076,23435879.4093676,3986540.0,21.974704933537964,41.16088201646203,medium low,,0.266611977,,more than 1 per person,313 per 1000 people,21867430.0,high access,[0%-25%),72.68814151
134,357170.0,17110424.886326198,11697640.2995309,181550.0,33.175721624723295,41.714278375276706,high,1.5047222669999998,,,more than 1 per person,84 per 100 people,1070610110.0,very high access,[25%-50%),81.04390244
135,245860.0,14508261.436898801,6439666.938001799,12300.0,32.657038247707646,3.5519617522923497,very low,,,0.22862353403846156,less than 1 per person,16 per 1000 people,83691.0,very low access,unknown,58.2164878
136,24291143.5,1070886966.7727523,633296860.938045,1860810.0,1.912358890983817,34.314955059016185,low,,0.5479916423333333,,less than 1 per person,146 per 1000 people,6469802.0,low access,[0%-25%),57.54621094
137,185180.0,14038505.5812076,495144.4753813,178000.0,12.997255712158838,43.85774428784116,unknown,,,,less than 1 per person,262 per 1000 people,458938.0,very high access,[0%-25%),74.71578049
139,142550.0,4965213.2745945,418401.9719585501,16300.0,26.14804072116429,0.4199592788357087,very low,,,,less than 1 per person,145 per 1000 people,882620.0,very high access,[0%-25%),69.16697561
140,11610.0,66520.00000017001,0.0,11800.0,31.94615144469468,66.99984855530532,very high,1.866585067,,,more than 1 per person,69 per 100 people,143379916.0,very high access,[0%-25%),78.22765854
141,19816230.0,514990933.45896417,713171918.776718,1558200.0,64.35148727467187,16.778447455328134,high,1.792507748,,,less than 1 per person,80 per 100 people,1450374794.0,very high access,[0%-25%),78.99067409
142,41620893.0,1860845394.8953798,1199396827.7730794,8888604.0,56.845817297611674,3.1009580923883178,medium low,,0.3467867966666667,,less than 1 per person,41 per 100 people,18597398.0,high access,[0%-25%),74.12978456
146,580370.0,28277155.1816355,4388108.697492099,29100.0,20.112486620012454,4.257513379987547,very low,,0.7815329875833333,,less than 1 per person,321 per 1000 people,4231016.0,low access,[0%-25%),60.27278049
147,185180.0,14038505.5812076,495144.4753813,178000.0,20.671014310994643,35.78798568900535,unknown,,,0.7058133719230769,less than 1 per person,243 per 1000 people,373358.0,very high access,[0%-25%),74.71070732
149,9984670.0,71645569.44007091,381183943.6228386,65700.0,77.59887666898737,3.873123331012621,high,0.938291898,,,less than 1 per person,86 per 100 people,1035260404.0,very high access,[0%-25%),81.40112195
150,117600.0,8839794.059208,1768424.5541760004,201750.0,9.039462644103557,12.725537355896444,very low,,,,less than 1 per person,9 per 1000 people,,very low access,[0%-25%),63.17787805
151,92210.0,3682762.0915695,3237971.4163225,90300.0,32.82263868197539,28.935361318024622,medium high,2.773338541,,,more than 1 per person,60 per 100 people,241182846.0,very high access,[25%-50%),80.37317073
154,622980.0,5080000.000027499,22216800.0021192,8150.0,39.005528206748465,0.25247179325153724,very low,,0.4810208828333333,,less than 1 per person,30 per 1000 people,216474.0,very low access,[0%-25%),49.10529268
155,274220.0,12127419.590964004,5541930.072650401,11450.0,16.909490733162507,10.436509266837495,very low,,0.31817936691666665,,less than 1 per person,37 per 1000 people,602743.0,very low access,[0%-25%),57.87931707
156,300000.0,12516349.734000001,7606399.035,165500.0,39.352153537285155,5.280846462714841,low,2.997694081,,,more than 1 per person,370 per 1000 people,8127359.0,medium access,[25%-50%),68.13156098
157,41285.0,1597134.81888735,1298227.07240255,22650.0,53.074192421069824,20.664807578930148,very high,-0.66694456,,,more than 1 per person,85 per 100 people,2282270506.0,very high access,[25%-50%),82.69756098
158,2780400.0,151637862.38958,28449650.113332,104350.0,24.00159841623332,67.29340158376668,medium high,,,,more than 1 per person,56 per 100 people,40788475.0,very high access,[25%-50%),75.8162439
160,756096.0,16047663.01366272,17422915.495645434,106100.0,77.78833672479692,11.386663275203075,medium low,1.7917107330000002,,,more than 1 per person,66 per 100 people,93822011.0,very high access,[0%-25%),81.19792683
161,475440.0,9806308.305847198,19367207.4632064,23200.0,9.154202255450684,44.09579774454932,very low,1.945145275,,,less than 1 per person,64 per 1000 people,1485739.0,low access,[25%-50%),55.04180488
162,57725275.7,1731059052.2397318,1991939694.4273827,7180810.0,10.627779386762533,69.82531878323746,high,1.4759366669999998,,,more than 1 per person,78 per 100 people,779957986.0,very high access,[0%-25%),79.1097829
163,19767153.5,779447621.341284,557262185.1908247,1631670.0,22.61677430106566,11.064216338934335,very low,,0.4651721736666667,,less than 1 per person,73 per 1000 people,1273910.0,low access,[0%-25%),60.31082568
164,4000.0,49726.77596,169398.90712000002,,50.06542356931822,6.0235764306817785,unknown,,,,less than 1 per person,57 per 100 people,133686941.0,very high access,unknown,76.33407317
165,342000.0,10617522.69258,22412967.49656,12000.0,29.036807380986982,35.063192619013016,very low,,0.3241789408333333,,less than 1 per person,61 per 1000 people,1399845.0,very low access,[0%-25%),60.92390244
166,238540.0,16458987.4298836,9728834.086867599,15500.0,40.97006253894032,11.76493746105968,low,,,0.22323717942307691,more than 1 per person,123 per 1000 people,2598948.0,very low access,[0%-25%),61.14207317
167,385178.0,1041086.321240328,12768785.94755114,25800.0,27.340176129963822,52.59882387003617,very high,2.131709174,,,more than 1 per person,95 per 100 people,1727293541.0,very high access,[25%-50%),81.45121951
169,20523269.5,891764985.8867314,543048522.4526888,8632830.0,17.048812014994613,21.032807535005386,low,,0.4603566005833333,,less than 1 per person,195 per 1000 people,4043309.0,medium access,[0%-25%),66.9918691
170,912050.0,22334652.233664494,48610750.17615501,115000.0,30.096092583273396,58.79790741672658,medium low,,,0.7815274523076923,more than 1 per person,55 per 100 people,11130912.0,very high access,[0%-25%),74.07441463
172,13880.0,19412.58741812,714105.894126,850.0,4.517869771130916,78.14913022886907,medium high,1.984598107,,,less than 1 per person,72 per 100 people,316873798.0,very high access,[0%-25%),74.91446341
173,799380.0,50775745.8201534,38986827.31820341,11200.0,27.519880019712343,4.149119980287658,very low,,0.3551127090833333,,less than 1 per person,54 per 1000 people,1549088.0,very low access,[25%-50%),54.6415122
174,3287260.0,198618305.9070916,77556688.1921218,2728700.0,24.36785578851395,7.263144211486048,very low,,0.77603713375,,less than 1 per person,126 per 1000 people,3491640.0,low access,[0%-25%),67.28987805
175,56590.0,1316556.8440118,1942828.9495132,19550.0,8.266842061935362,50.09215793806463,medium low,2.206461781,,,more than 1 per person,67 per 100 people,193152713.0,very high access,[0%-25%),77.12682927
176,27750.0,1852685.0506875,99279.7532565,120.0,4.347455474691838,51.82054452530817,very low,,0.4877893935,,less than 1 per person,106 per 1000 people,1054524.0,low access,[0%-25%),62.40114634
178,1030700.0,39711000.001210995,231500.0003866,20850.0,41.55663255398333,17.079367446016676,very low,,0.3441368658333333,,more than 1 per person,62 per 1000 people,2065751.0,low access,[0%-25%),62.80270732
179,16270863.0,781046034.6386303,483303801.39496857,7181030.0,2.105816768183677,48.82484202181632,medium low,2.997694081,,,less than 1 per person,394 per 1000 people,5602516.0,medium access,[0%-25%),73.65761656
181,320.0,10300.0,350.0,2130.0,72.02462409543577,22.966375904564234,unknown,2.417624644,,,more than 1 per person,68 per 100 people,1623535302.0,very high access,[0%-25%),80.74634146
182,108890.0,3870655.3970584,3708112.9899459993,42300.0,16.507995761652555,33.70400423834744,low,,0.31520835333333336,,more than 1 per person,160 per 1000 people,13859284.0,medium access,[0%-25%),71.24939024
183,33850.0,2534114.4249515,407106.512478,7750.0,21.13218224612113,23.724817753878874,low,,0.3866265535833333,,more than 1 per person,43 per 100 people,23036820.0,high access,[0%-25%),68.69341463
185,1001450.0,3783669.1446136003,72232.76886535,835500.0,23.812966650226517,19.212033349773485,low,,0.7851313783333334,,more than 1 per person,294 per 1000 people,3252908.0,very high access,unknown,70.92578049
186,28900.0,111511.25400999999,2273384.06565,,12.588828231298015,8.375171768701987,very low,,0.49266716875,,less than 1 per person,70 per 1000 people,7283825.0,low access,[0%-25%),67.50658537
187,241550.0,17364568.371388,2827720.278157,46800.0,7.5831228530066515,7.853877146993351,very low,,0.4553668226666667,,less than 1 per person,162 per 1000 people,1203061.0,very low access,[25%-50%),57.76768293
189,83600.0,382299.9999852,320480.00000279996,63000.0,42.150048324658506,42.8309516753415,high,1.100691404,,,more than 1 per person,88 per 100 people,200774825.0,very high access,[0%-25%),77.19563415
190,24262633.5,1065248704.0291613,628712233.397226,1843750.0,8.111084698889169,28.613155491110835,low,,0.4553668226666667,,less than 1 per person,169 per 1000 people,6652688.0,low access,[0%-25%),58.07643164
191,236800.0,2395701.9059200003,18860966.101312,129100.0,20.52337299279793,15.945627007202065,very low,,0.5304116064166667,,less than 1 per person,125 per 1000 people,1063832.0,medium access,[25%-50%),65.6872439
192,637660.0,44749229.284141,6701864.129685201,20000.0,8.580787233256517,29.572212766743483,unknown,,,,less than 1 per person,14 per 1000 people,99665.0,no info,[0%-25%),54.6902439
193,10887.0,,,,,,unknown,1.762585125,,,unknown,unknown,,no info,unknown,70.79756098
194,238540.0,16458987.4298836,9699061.1413688,15500.0,29.006116227274067,23.06288377272593,very low,,0.7633981925833333,,more than 1 per person,106 per 1000 people,2936045.0,very low access,unknown,60.97702439
195,912050.0,22334652.233664494,48780741.6942345,115000.0,18.352607990695272,70.49839200930471,medium low,,,0.4051729928846154,more than 1 per person,49 per 100 people,10718746.0,very high access,[0%-25%),73.92573171
196,1910930.0,60126304.7985348,97445541.87515841,676500.0,34.56346881931499,17.688531180685004,low,,0.5344488981666666,,more than 1 per person,149 per 1000 people,4095225.0,medium access,[0%-25%),68.70460976
199,243610.0,17301314.5118993,3114478.2797419,169150.0,2.0636276746930813,79.77037232530692,high,2.821709747,,,more than 1 per person,87 per 100 people,1467308631.0,very high access,[0%-25%),80.90487805
201,24825058.9,1208420852.3154905,651197675.5743167,8628630.0,2.879116286548983,50.93952172345102,medium low,,0.25124162525,,less than 1 per person,41 per 100 people,136488950.0,medium access,[0%-25%),74.44456991
205,377962.0,4703789.759004701,25878826.736545123,259800.0,29.481080207544824,63.00991979245518,high,0.35947166,,,more than 1 per person,90 per 100 people,736665744.0,very high access,[0%-25%),83.33195122
206,312680.0,14835502.971106,9569098.5309092,172700.0,58.847849604650705,1.8401503953492904,medium low,,0.2964058295,,more than 1 per person,62 per 100 people,303390438.0,very high access,[0%-25%),76.79756098
207,75420.0,2289789.3459276003,4733989.8303636,12000.0,35.662385063628456,30.03561493637156,medium low,,0.4748499660000001,,more than 1 per person,40 per 100 people,135959534.0,medium access,[0%-25%),77.23704878
208,620.0,10773.7704916,20815.737703799998,,9.425265724340882,9.024734275659117,medium low,,0.3481363225833334,,more than 1 per person,46 per 100 people,93979767.0,high access,[0%-25%),74.77763415
209,103000.0,1923557.10716,46542.643372000006,180.0,51.94575771950264,41.894242280497366,high,,0.4329408833333333,,more than 1 per person,96 per 100 people,3133613540.0,very high access,[25%-50%),82.91707317
211,20425332.4,762104125.1194018,951661928.5973387,2470964.0,62.09556799926803,16.96340277073198,medium low,,0.32891703275,,more than 1 per person,43 per 100 people,38519564.0,high access,[0%-25%),74.47639215
212,64490.0,1937085.0620456,3479286.8308154996,5310.0,0.6471426011154254,66.82885739888458,medium high,0.0,,,more than 1 per person,75 per 100 people,272278248.0,high access,[0%-25%),73.9804878
214,2381740.0,41398689.9912782,1933200.00060652,317200.0,2.2128210320563184,66.65717896794368,low,,0.7412154411666667,,less than 1 per person,152 per 1000 people,1308781.0,high access,[25%-50%),74.32409756
216,6385618.0,432151545.47262377,65407259.00029892,1626180.0,36.05824899807386,23.434018661926146,medium low,2.9545682980000003,,,more than 1 per person,42 per 100 people,52419484.0,very high access,[0%-25%),72.20712626
218,1759540.0,15355000.00081456,217000.00014352,7000.0,32.38114413783381,45.78885586216619,medium low,2.605818027,,,more than 1 per person,165 per 1000 people,3351427.0,very high access,[0%-25%),71.65768293
219,8515770.0,284066269.98131764,504850975.20190585,713480.0,35.62334383566182,49.54765616433818,medium low,,0.51682496775,,more than 1 per person,51 per 100 people,56349922.0,high access,[0%-25%),74.12243902
220,50.0,300.0,1000.0,,31.85395051249683,68.14604948750318,unknown,,,,more than 1 per person,95 per 100 people,4938385563.0,no info,unknown,80.57243902
221,309500.0,1468499.9999620002,2000.000142,47000.0,23.17857124346992,53.52042875653007,medium low,1.245416982,,,more than 1 per person,66 per 100 people,58358110.0,very high access,[0%-25%),76.84104878
222,26340.0,1967225.3748684,497972.273922,35000.0,7.006743093401438,19.86225690659856,very low,,0.66993014625,,less than 1 per person,90 per 1000 people,2708047.0,medium access,[50%-75%),63.39482927
223,10450.0,672150.5376244999,140007.526857,80000.0,58.975326188132534,28.450673811867475,medium low,,,,less than 1 per person,61 per 100 people,48415485.0,high access,[0%-25%),79.84636585
224,18270.0,424999.9999161,1007479.9999341,3500.0,21.38181288369155,31.59418711630846,low,2.909178822,,,more than 1 per person,371 per 1000 people,30664848.0,very high access,unknown,69.91792683
226,14870.0,383999.99997840007,719599.9999335,1330.0,6.7950991753348005,24.0369008246652,unknown,,,0.22692903211538465,less than 1 per person,9 per 1000 people,,low access,[25%-50%),67.02058537
227,1564120.0,114080100.4004696,12834007.52044024,17500.0,60.88303645952325,9.482963540476746,low,,0.71706900925,,more than 1 per person,200 per 1000 people,22034336.0,medium access,[0%-25%),69.06180488
229,447420.0,3348565.35575004,30835227.7221144,16100.0,51.4966815267286,33.8663184732714,very high,0.8883775070000001,,,more than 1 per person,93 per 100 people,1511443925.0,very high access,[25%-50%),81.70487805
230,114760.0,3765626.1080251997,4540123.802368799,9450.0,30.9797617259118,11.687238274088207,very low,,0.5627602930833334,,less than 1 per person,45 per 1000 people,696532.0,very low access,[0%-25%),59.12197561
231,2724902.0,219019764.088134,3339889.8846090883,70500.0,26.02323502584877,27.33776497415123,medium low,,0.4863918610833333,,more than 1 per person,54 per 100 people,9392276.0,very high access,[0%-25%),70.45
232,1564120.0,114166584.2865928,12931948.76074488,17200.0,54.513945430348606,14.958054569651383,low,,,0.28816328038461536,more than 1 per person,164 per 1000 people,19228448.0,medium access,[0%-25%),68.6135122
233,70280.0,4624462.766448,751860.3167292002,9350.0,45.224232671101866,17.161767328898133,high,1.692784715,,,more than 1 per person,77 per 100 people,1003510652.0,very high access,[0%-25%),80.89512195
234,330972.0,11584393.59457416,15355768.670797199,522000.0,27.08991799150835,4.578082008491659,low,,0.7578513399166668,,more than 1 per person,395 per 1000 people,6702496.0,medium access,[0%-25%),75.60668293
235,43090.0,2664816.4035731005,606428.5317992,17200.0,31.580008603296157,55.56199139670386,very high,2.4110750480000003,,,more than 1 per person,92 per 100 people,2213867585.0,very high access,[25%-50%),80.05121951
237,462840.0,1216224.88207416,34304287.1153892,1900.0,0.4924175316402112,12.48458246835979,low,,0.4133597883333333,,less than 1 per person,65 per 1000 people,7798750.0,very low access,[0%-25%),62.44917073
238,100150.0,1839426.8107045,6385321.212364,659500.0,73.26143004173703,8.879569958262977,medium high,2.192307692,,,more than 1 per person,84 per 100 people,2751535609.0,very high access,[0%-25%),81.21341463
239,430.0,13999.9999979,6299.9999997,610.0,20.567006052436593,11.084993947563405,unknown,1.804005504,,,more than 1 per person,73 per 100 people,343359186.0,very high access,[0%-25%),75.33395122
240,13810.0,229102.25281479998,849135.3160185,12180.0,9.127142371841133,54.51585762815886,unknown,2.205892681,,,more than 1 per person,60 per 100 people,37024695.0,very high access,[0%-25%),74.75836585
241,38394.0,523375.98431472,2754956.09637576,,32.22216019210241,4.916839807897588,low,,0.5838888889166667,,less than 1 per person,299 per 1000 people,9275983.0,low access,[0%-25%),69.10292683
242,581730.0,26572167.542097304,11441624.085800098,10500.0,33.068011893294894,23.630988106705093,medium low,,0.6283570078333333,,more than 1 per person,115 per 1000 people,10783835.0,medium access,[0%-25%),64.22273171
243,21040.0,1606432.432404,278028.5713384,32300.0,58.48463327522617,7.29036672477384,low,0.757824507,,,more than 1 per person,231 per 1000 people,19541372.0,medium access,[25%-50%),72.49814634
245,51100.0,1813419.5062270002,2667488.053447,9800.0,24.109741820854182,49.83025817914582,medium low,,0.3753389743333333,,more than 1 per person,48 per 100 people,97977116.0,very high access,[25%-50%),79.05353659
247,377960.0,4716205.947490401,25880348.6075156,259800.0,32.86952864760298,59.032471352397025,high,-0.033428046,,,more than 1 per person,79 per 100 people,750046121.0,very high access,[0%-25%),83.09609756
248,923770.0,73027701.8388833,8339154.98555005,162000.0,21.252683562176514,23.98131643782348,low,,,0.2349424457692308,less than 1 per person,328 per 1000 people,1747499.0,low access,[0%-25%),52.105
249,78870.0,4308591.609507901,2719549.5275717997,24100.0,27.8246244958719,45.2353755041281,medium high,1.4347266019999998,,,more than 1 per person,74 per 100 people,563900192.0,very high access,[0%-25%),78.27804878
251,810.0,33999.9999984,12150.0,,31.62918005246181,12.318819947538191,low,,,,less than 1 per person,107 per 1000 people,9379103.0,low access,[0%-25%),65.59607317
252,56590.0,1345984.4532488,1942424.4458909,19550.0,15.014766837990868,43.059233162009136,medium low,,0.28524857375,,more than 1 per person,62 per 100 people,245105046.0,very high access,[0%-25%),76.92439024
253,17820.0,151999.99999866,6249.999992940001,22600.0,67.41151336519758,30.882486634802422,high,,0.266611977,,more than 1 per person,70 per 100 people,170196290.0,very high access,[0%-25%),74.359
255,65610.0,2814398.0228267997,2186442.0031338003,223100.0,6.729095863746338,11.567904136253665,low,,0.6285761443333334,,less than 1 per person,183 per 1000 people,7674144.0,very high access,[0%-25%),74.06804878
256,2040.0,87428.5714344,38669.55664080001,2500.0,37.086143173657696,3.0778568263423054,medium low,,0.3210133610833333,,more than 1 per person,354 per 1000 people,138548048.0,very high access,[0%-25%),73.86341463
257,28460411.0,841195444.7343391,1081549710.710959,4797650.0,31.69624164542311,38.79654505457691,medium high,1.604392981,,,more than 1 per person,66 per 100 people,435628069.0,very high access,[0%-25%),76.78973192
259,350.0,4000.0000005,17940.000001,,75.64841900418944,19.267580995810558,unknown,,,,unknown,41 per 100 people,446449774.0,very high access,unknown,79.47317073
261,51210.0,2156421.09375,2185426.7578125,10500.0,23.61076641731641,15.767233582683588,unknown,2.049674463,,,less than 1 per person,53 per 100 people,25859238.0,very high access,[0%-25%),76.12017073
262,109880.0,6612061.4376748,3137157.662632,75500.0,34.706015731884,42.074984268116005,unknown,,,,less than 1 per person,212 per 1000 people,88163.0,very high access,[25%-50%),79.14160976
264,756096.0,16076115.81345792,17117032.66251264,106100.0,23.52103681817761,65.46496318182238,medium low,,0.250543363,,more than 1 per person,61 per 100 people,82526106.0,very high access,[0%-25%),80.89485366
265,274220.0,12327872.806777,5481994.5613554,11450.0,26.319236399029627,1.8667636009703763,very low,0.533738507,,,less than 1 per person,91 per 1000 people,819454.0,very low access,[0%-25%),58.24063415
266,49036.0,1966518.17502504,1977836.9989705603,15850.0,33.52625158574223,20.41874841425777,medium high,1.40047369,,,more than 1 per person,78 per 100 people,262866561.0,very high access,[0%-25%),76.26097561
267,86600.0,4995702.5335180005,1111327.203624,81950.0,2.644651605967689,51.21134839403231,low,,,,more than 1 per person,54 per 100 people,6454539.0,high access,[0%-25%),70.62495122
268,2396935.0,85115499.0028771,90928557.22222641,89980.0,39.89538403312461,5.512798586875391,low,,0.3454372708333333,,less than 1 per person,220 per 1000 people,51576972.0,medium access,[0%-25%),64.60768171
269,2040.0,86423.6453208,38709.7536984,2500.0,33.592149986241225,6.386850013758775,medium low,,0.29527464491666666,,more than 1 per person,390 per 1000 people,131092525.0,very high access,[0%-25%),74.46
270,505940.0,27250625.6966268,18525277.1650724,215600.0,77.4609763424096,1.4410236575904063,medium high,2.445914628,,,more than 1 per person,70 per 100 people,290915357.0,very high access,[25%-50%),82.42682927
271,21040.0,1596277.9923048,282496.5251672,32300.0,34.89373635381768,30.39326364618231,low,1.729577995,,,more than 1 per person,203 per 1000 people,21408928.0,medium access,[25%-50%),72.23185366
272,1896815.0,80899042.8303234,50897162.74850165,73970.0,37.19313091173545,10.385275548264543,low,,0.5122312907500001,,less than 1 per person,145 per 1000 people,27480817.0,medium access,[0%-25%),61.66077771
273,2344860.0,27099239.984031603,158458978.811385,134250.0,34.05422614529659,7.406773854703424,very low,1.632925411,,,less than 1 per person,22 per 1000 people,317010.0,low access,[0%-25%),58.27192683
275,717.0,679.476661815,16581.25884234,147600.0,50.64571195908018,49.354288040919826,unknown,2.378490176,,,more than 1 per person,81 per 100 people,609349533.0,very high access,[0%-25%),82.34634146
276,770.0,8600.000000900001,559.9999997900002,19460.0,50.06090842008396,38.558091579916045,medium high,2.754553598,,,more than 1 per person,88 per 100 people,134225470.0,very high access,[0%-25%),76.40763415
277,89320.0,1051255.5530708,98093.03898239999,115500.0,54.90430021601922,28.065699783980783,low,,0.39732919549999995,,more than 1 per person,370 per 1000 people,29281418.0,very high access,[0%-25%),73.74739024
279,455.0,1480.000000115,40669.999997900006,840.0,36.37863079529821,16.852369204701787,medium high,,0.36157820691666653,,more than 1 per person,50 per 100 people,611790879.0,very high access,[25%-50%),74.22682927
282,1879357.5,86070223.14446543,15470505.510210268,264300.0,32.00643837470671,1.4535616252932897,low,,,0.5761270465384615,less than 1 per person,227 per 1000 people,40025.0,very low access,[0%-25%),63.16704878
283,30530.0,1344005.6143471,687711.4399774,30700.0,33.94256577474964,63.78943422525039,high,2.839663434,,,more than 1 per person,81 per 100 people,674409965.0,very high access,[25%-50%),80.38536585
284,20425333.4,767753795.3518207,949443820.3394293,2484593.0,67.03306188602396,12.306848423976035,medium low,2.711244572,,,more than 1 per person,47 per 100 people,39389399.0,high access,[0%-25%),74.7022015
286,72300.0,3955214.6717760004,2921649.21057,10500.0,14.911992436577618,24.31400756342238,very low,,0.36157820691666653,,less than 1 per person,17 per 1000 people,809211.0,very low access,[0%-25%),50.36312195
287,28900.0,111511.25400999999,2267602.0007450003,,16.94660877249103,4.4743912275089714,very low,,0.44928032383333344,,less than 1 per person,80 per 1000 people,5350598.0,low access,[0%-25%),67.71892683
288,1240190.0,41876321.059237696,4952872.8070636485,11800.0,13.919471026329159,24.44352897367084,very low,-0.6062216739999999,,,more than 1 per person,35 per 1000 people,964315.0,very low access,[0%-25%),57.53519512
289,1284000.0,50918472.04992,5358293.5194959985,34850.0,15.711253813114649,6.417746186885352,very low,,,0.2695808734615385,less than 1 per person,21 per 1000 people,,very low access,[0%-25%),50.78139024
290,181040.0,5948515.7496432,9960481.9401904,191300.0,6.236914450818638,14.082085549181368,very low,2.94260016,,,more than 1 per person,68 per 1000 people,2055899.0,low access,[0%-25%),67.77204878
291,587295.0,41806516.7701584,12639367.294120802,21600.0,30.545614179497147,2.6503858205028514,very low,,0.529891566,,less than 1 per person,23 per 1000 people,538268.0,very low access,[0%-25%),64.24665854
292,1896810.0,80551436.45430781,50905860.45351479,73970.0,28.42554268889842,19.634699741101578,low,,0.4106950592500001,,more than 1 per person,163 per 1000 people,20010029.0,medium access,[0%-25%),61.99896524
293,12190.0,187000.0000481,440000.0000343,,1.1420358672251285,24.365964132774877,low,1.446143318,,,less than 1 per person,113 per 1000 people,43449924.0,medium access,[0%-25%),71.6692439
295,111000.0,5238144.80514,3856166.17491,47300.0,21.665225207879924,51.305774792120076,medium low,2.9545682980000003,,,more than 1 per person,52 per 100 people,164114205.0,high access,[0%-25%),74.31463415
296,118480.0,7207072.5500008,4022639.7962960005,6800.0,12.867684847667618,2.9303151523323816,very low,,,0.4090627884615384,less than 1 per person,44 per 1000 people,891695.0,low access,[0%-25%),60.05029268
297,65130.0,873034.2630594,4012507.2826722,,33.264768073078635,3.732321066921365,low,1.446143318,,,less than 1 per person,229 per 1000 people,25924574.0,medium access,unknown,69.72836332
298,8870.0,197699.999971,489330.00003590004,,35.47678105705114,58.19921894294885,unknown,,,,less than 1 per person,74 per 100 people,109571090.0,very high access,unknown,78.71119512
299,17360.0,1233367.4418968,577522.7906895999,,0.09144366707135293,21.28255633292865,low,,0.7449674320833334,,less than 1 per person,208 per 1000 people,6495120.0,medium access,[0%-25%),48.85063415
300,14778260.5,507032690.5548445,307618320.39697486,2440000.0,13.728827974387775,26.617335515612226,very low,,0.2893648545833333,,less than 1 per person,100 per 1000 people,1441702.0,low access,[0%-25%),61.77110489
301,700.0,22000.000001,64210.000001,,18.106128542575707,4.235871457424292,low,,,,less than 1 per person,278 per 1000 people,19283056.0,medium access,[0%-25%),68.97339024
302,8775420.0,200497823.3109666,22042049.55876294,2718250.0,1.4204190884467571,58.29593561155325,low,,0.2711403480833333,,more than 1 per person,290 per 1000 people,3402261.0,high access,[0%-25%),72.34759616
303,14778260.5,510417772.895236,309332117.43481296,3158180.0,32.44254969393077,7.511105926069227,very low,,0.5062041807500001,,less than 1 per person,86 per 1000 people,1437006.0,low access,[0%-25%),61.41393666
304,8870.0,196800.0000103,486030.0000026,,4.579095649336186,89.14290435066383,unknown,,,,less than 1 per person,69 per 100 people,113665036.0,very high access,unknown,78.53553659
305,5770.0,14671.34724769,416053.1309322,9250.0,9.063473059892603,67.1595269401074,high,0.464102858,,,more than 1 per person,60 per 100 people,113436840.0,no info,unknown,78.25258537
306,41500.0,2266623.66538,460536.773475,43300.0,51.39863732300605,37.17636267699395,high,2.4544885780000003,,,more than 1 per person,93 per 100 people,2805855364.0,very high access,[25%-50%),81.10487805
307,25710.0,1291616.5740581998,1017390.1665924,8000.0,39.37537902357422,17.583620976425777,low,,0.27633796575,,more than 1 per person,57 per 100 people,40110764.0,very high access,[25%-50%),75.03126829
308,30530.0,1347534.5111023001,688155.0726285999,37500.0,46.33470458151106,51.44129541848896,high,1.113938556,,,more than 1 per person,82 per 100 people,738275517.0,very high access,[25%-50%),80.38536585
310,652860.0,37909999.9980702,1349999.99969328,338150.0,24.58609801774455,0.881901982255453,very low,,0.6015214800833334,,less than 1 per person,55 per 1000 people,1110109.0,low access,[25%-50%),59.67960976
311,28750.0,1260488.1385875002,812533.75925,14750.0,0.5066148649643265,53.823385135035664,low,2.03159594,,,more than 1 per person,55 per 100 people,20686167.0,very high access,[0%-25%),77.35046341
313,180.0,1999.9999998,419.99999994,,37.18042294535844,5.183577054641559,unknown,0.571755528,,,more than 1 per person,74 per 100 people,312521364.0,very high access,unknown,75.2057561
314,83879.0,3216760.66661348,3926277.01026363,22800.0,20.280527866264354,45.58347213373564,high,2.485675087,,,more than 1 per person,80 per 100 people,1139028500.0,very high access,[25%-50%),80.93658537
315,148460.0,10401438.1194672,1638682.707233,220950.0,4.832412686069463,27.15758731393053,very low,,0.5181818641666667,,less than 1 per person,50 per 1000 people,727824.0,medium access,[0%-25%),70.86026829
316,22970.0,161122.31477683,1391039.4345488998,1050.0,30.76451742310043,13.731482576899571,low,1.306449816,,,less than 1 per person,310 per 1000 people,273234593.0,very high access,[0%-25%),69.90514634
317,38394.0,523375.98431472,2744953.9337619,,1.5932272916078405,34.77477270839216,low,,,0.20999340269230768,less than 1 per person,240 per 1000 people,12101475.0,low access,[0%-25%),68.72290244
319,8515770.0,280804798.96389693,505853532.88675165,713480.0,34.68818867685508,50.21281132314495,medium low,,0.4501637291666667,,more than 1 per person,49 per 100 people,53280215.0,high access,[0%-25%),73.83958537
320,27830.0,2094836.0591961,284152.1026971,51000.0,10.71719997649079,0.4718000235092106,very low,,,0.3464003088461538,less than 1 per person,12 per 1000 people,296309.0,low access,[25%-50%),55.78929268
322,434990.0,2695573.45202964,37065660.6776079,12510.0,8.122680697245395,33.814329712754606,medium low,2.598444141,,,more than 1 per person,43 per 100 people,114631356.0,high access,[0%-25%),71.74355442
325,78870.0,4314719.0213853,2717507.0572089,26750.0,1.4169905260522284,71.69800947394776,medium high,,0.2749227615833333,,more than 1 per person,73 per 100 people,518800451.0,very high access,[0%-25%),78.07560976
327,1001450.0,3718277.3618157,71629.15288945,835500.0,38.29312620591564,4.7088737940843535,low,,0.5931796349999999,,more than 1 per person,264 per 1000 people,3490507.0,very high access,[0%-25%),70.72914634
328,28050.0,283999.99989900005,1602799.999878,1320.0,26.910046796429025,12.552953203570974,low,,0.5122312907500001,,less than 1 per person,139 per 1000 people,1292442.0,medium access,[0%-25%),56.89026829
330,2758796.0,123057382.08933868,104852396.27049068,1536150.0,67.10845387066179,8.171280049338193,high,2.485675087,,,more than 1 per person,74 per 100 people,688956712.0,very high access,[25%-50%),81.31211954
331,4383476.0,192981843.52712843,165460830.41298917,2194700.0,14.087985407546126,60.06791427245388,high,2.718769044,,,more than 1 per person,74 per 100 people,742346690.0,very high access,[25%-50%),80.31371947
332,1396.0,3000.00000046,79.99999964,,10.465668024616859,30.85733197538314,unknown,,,,more than 1 per person,85 per 100 people,,no info,unknown,81.09756098
333,4000.0,49726.77596,169398.90712000002,,15.766090512251928,40.45190948774808,unknown,,,,less than 1 per person,53 per 100 people,146105378.0,very high access,unknown,76.12702439
334,11300.0,675543.47831,539541.501941,800.0,24.33560919036633,33.370390809633676,very low,,0.3545445645833333,,less than 1 per person,124 per 1000 people,3873593.0,medium access,[0%-25%),59.77814634
335,69700.0,2472449.273333,2830929.342412,32350.0,17.490618063085538,35.671381936914464,low,-0.943704994,,,more than 1 per person,369 per 1000 people,26053845.0,high access,[0%-25%),73.94487805
336,540.0,17999.9999982,25000.000002,,60.5343551899823,33.738644810017696,unknown,,,,unknown,62 per 100 people,251831924.0,high access,unknown,78.6175122
337,214970.0,1832459.53782353,18079976.225703694,1100.0,23.81228993311872,4.50671006688129,low,2.391935213,,,less than 1 per person,330 per 1000 people,6592740.0,high access,[25%-50%),66.21726829
340,93030.0,5485409.6987214,2111954.6665434,38500.0,53.25704416409252,16.574955835907474,medium low,,0.4754857785,,more than 1 per person,71 per 100 people,247773216.0,very high access,[0%-25%),75.06341463
342,22070.0,536655.9149531,161547.50463123,184500.0,67.02273677836173,24.926263221638266,high,1.70761176,,,more than 1 per person,71 per 100 people,396308704.0,very high access,[0%-25%),81.70487805
343,301340.0,14065060.380617999,9359222.492583599,359500.0,17.31458921660931,51.2454107833907,high,,0.2534468775,,more than 1 per person,56 per 100 people,212883108.0,very high access,[0%-25%),82.23902439
344,10990.0,450559.5568208,341309.0119698,2830.0,4.436769475158923,49.69023052484107,medium low,,0.5748540154999999,,less than 1 per person,338 per 1000 people,51333091.0,high access,[0%-25%),73.2824878
345,2724902.0,219037932.0997288,3339889.8846090883,70500.0,19.596847979219078,33.86115202078092,medium low,,0.426142407,,more than 1 per person,53 per 100 people,7384722.0,very high access,[0%-25%),69.61
347,236800.0,2358766.0311232004,18666878.33536,129100.0,27.098788332525395,8.269211667474604,very low,,0.35474518375,,less than 1 per person,107 per 1000 people,926920.0,medium access,[25%-50%),65.2485122
348,20818177.5,826416956.9697819,565639538.562088,3171900.0,25.918469439417237,4.072556690582766,very low,,0.5233054580000002,,less than 1 per person,59 per 1000 people,936416.0,low access,[0%-25%),62.32909413
349,111370.0,3133437.5000222,4936031.2501073005,2050.0,42.10082994066664,6.4401700593333695,very low,,0.5695640184166667,,less than 1 per person,26 per 1000 people,1193273.0,very low access,[0%-25%),60.20436585
350,1759540.0,15355000.00081456,217000.00014352,7000.0,29.73806405704755,48.24993594295246,medium low,,0.5049836601666667,,more than 1 per person,unknown,1750644.0,very high access,[0%-25%),71.64956098
352,76599978.5,3324869741.8531184,2148758516.146759,20795434.0,22.073865635759805,23.752998454240192,low,,0.4113233178333333,,less than 1 per person,256 per 1000 people,9614605.0,medium access,[0%-25%),69.0589311
353,2590.0,131419.9999966,86699.9999873,1510.0,81.03532955618415,8.211670443815862,very high,2.664199548,,,more than 1 per person,92 per 100 people,1985135965.0,very high access,[0%-25%),81.39268293
355,300.0,7899.999999,999.9999999,,11.491516826499113,30.81148317350089,medium low,,,0.23328300134615385,more than 1 per person,389 per 1000 people,87002671.0,very high access,[0%-25%),76.46234146
356,700.0,22000.000001,64180.00000300001,,12.300800752787676,10.01619924721232,low,,,,less than 1 per person,260 per 1000 people,57962054.0,medium access,[0%-25%),68.85070732
357,8775420.0,199798974.04762205,22031406.61530648,3399050.0,30.7184018914836,28.701486498516392,low,,0.5049836601666667,,less than 1 per person,258 per 1000 people,3386116.0,high access,[0%-25%),72.14065674
358,62144162.5,2756292409.779487,1744245662.3708358,17649784.0,19.747072038389106,28.024010481610894,low,,0.36598248549999995,,less than 1 per person,280 per 1000 people,10524468.0,medium access,[0%-25%),70.07233659
359,13810.0,526730.8550114001,849135.3160185,12180.0,10.033568835842454,53.42343116415754,unknown,,0.3454372708333333,,more than 1 per person,57 per 100 people,30615484.0,very high access,[0%-25%),74.64987805
360,676590.0,12999353.7647232,31781239.404231,513250.0,9.170329288054583,23.298670711945423,low,1.467583227,,,less than 1 per person,11 per 1000 people,95159.0,high access,[0%-25%),65.42778049
361,18580.0,187324.6170162,852769.1465888,,56.11172279273225,12.397277207267747,unknown,,,,less than 1 per person,58 per 100 people,217054264.0,very high access,unknown,77.12195122
362,36196935.0,1290662258.9706035,1129565492.922436,5757040.0,6.353711884076223,73.20054282592378,high,2.470081833,,,more than 1 per person,72 per 100 people,954593921.0,very high access,[25%-50%),79.79538758
363,462840.0,1216224.88207416,34307148.8227104,1900.0,1.99719075878628,10.98480924121372,low,,0.3781004235,,less than 1 per person,35 per 1000 people,7267777.0,very low access,[0%-25%),62.29990244
364,300000.0,12506288.358,7364926.050000002,165500.0,9.076067563377038,35.733932436622965,low,,0.26434047050000004,,more than 1 per person,362 per 1000 people,8685933.0,medium access,[0%-25%),68.00707317
366,2149690.0,173345000.0094704,977000.00016815,249000.0,71.01098034863244,11.499019651367574,medium high,2.885962454,,,more than 1 per person,54 per 100 people,29292061.0,very high access,[0%-25%),74.01602439
367,196710.0,9210723.782436,8575219.6014375,18600.0,0.21707775470809387,42.56392224529192,very low,1.421378457,,,less than 1 per person,108 per 1000 people,2104483.0,low access,[25%-50%),65.31887805
368,460.0,1420.00000012,40670.0000008,840.0,32.661055664942594,20.253944335057405,medium low,,0.59253088525,,more than 1 per person,47 per 100 people,1121139712.0,very high access,[25%-50%),74.22682927
369,20270.0,482796.375467,1255451.7379203,13550.0,9.726227166383827,40.12977283361617,medium high,2.598297643,,,more than 1 per person,68 per 100 people,557078962.0,very high access,[25%-50%),80.12439024
370,1219090.0,97319980.1302174,9286706.41904316,62100.0,24.50786044816667,38.76413955183333,medium low,,0.4711319169166666,,more than 1 per person,41 per 100 people,81904111.0,medium access,[25%-50%),56.09831707
371,5136164.0,290709295.4725705,89327392.32255079,4616450.0,0.6465986790447144,31.133013790955285,very low,,0.7819427645,,less than 1 per person,115 per 1000 people,3014539.0,low access,[0%-25%),67.42935708
372,54.4,,,,,,unknown,,,,unknown,unknown,32300785.0,no info,unknown,79.02195122
374,24262633.5,1070629252.8416158,631627717.5709349,1858650.0,8.52289194082675,27.70010832917325,very low,,0.5479916423333333,,less than 1 per person,146 per 1000 people,6363868.0,low access,[0%-25%),57.54516382
375,1879357.5,89144507.1335706,15608459.525733585,264300.0,26.36065385745052,6.954346142549476,low,,,0.7191031717307692,less than 1 per person,210 per 1000 people,61610.0,very low access,[0%-25%),62.83219512
376,163820.0,76869.38457758,16112537.103362197,1840.0,9.915226768950571,56.29277323104942,medium low,,0.4172385995,,more than 1 per person,347 per 1000 people,37840446.0,high access,[0%-25%),70.80631707
377,750.0,32291.66667,9375.0,,11.737543086823194,11.76045691317681,low,1.212990573,,,less than 1 per person,330 per 1000 people,28634424.0,very high access,[0%-25%),72.488
378,5130.0,54000.00000269999,229630.0000212,4050.0,1.19271723668053,7.6022827633194705,medium low,,0.7723816865833334,,more than 1 per person,60 per 100 people,96155351.0,very high access,[25%-50%),70.15139024
379,488100.0,35146357.543305,4286571.8298645,22000.0,21.426478256702595,27.59652174329741,unknown,,,,more than 1 per person,72 per 1000 people,386627.0,no info,[0%-25%),65.31158537
380,241550.0,17424799.2721075,2990584.6289295,46800.0,11.328782172054286,3.7862178279457166,very low,,,0.2695395492307692,less than 1 per person,147 per 1000 people,1497149.0,very low access,[25%-50%),57.10019512
381,603550.0,43024242.8210355,9992767.694836501,214850.0,37.068116397935356,32.00388360206465,low,0.5555555560000001,,,more than 1 per person,353 per 1000 people,23490294.0,very high access,[0%-25%),70.94414634
382,176220.0,14327565.9933384,1788962.2423992,25450.0,30.060193460825843,64.74280653917414,medium high,,0.6748138171666667,,more than 1 per person,54 per 100 people,80370872.0,very high access,[0%-25%),76.68839024
384,6020.0,261000.0000146,9170.00000028,56000.0,52.500229787639284,22.076770212360717,unknown,2.778385296,,,less than 1 per person,43 per 100 people,4694951.0,very high access,unknown,73.01787805
386,752610.0,24131629.3750218,49744201.3351293,16500.0,19.75075993423995,19.836240065760048,very low,,0.5479916423333333,,less than 1 per person,135 per 1000 people,2231753.0,low access,[0%-25%),58.36331707
388,1246700.0,59190000.00240601,58105599.996262,117000.0,11.389451575140706,31.100548424859294,low,,0.7313409110833332,,less than 1 per person,191 per 1000 people,3539717.0,medium access,[25%-50%),51.86617073
389,440.0,8999.999998000001,9799.9999988,180.0,11.707473424230864,12.935526575769137,unknown,1.059497824,,,more than 1 per person,63 per 100 people,689003723.0,no info,[0%-25%),75.77865854
390,180.0,1999.9999998,419.99999994,,9.915907129275382,32.14209287072462,unknown,-2.37226328,,,more than 1 per person,79 per 100 people,281769512.0,very high access,unknown,75.32865854
391,83879.0,3205992.76793047,3928534.56993155,22500.0,24.05289036619401,41.831109633806,high,2.000157493,,,more than 1 per person,81 per 100 people,1078617233.0,very high access,[25%-50%),80.8902439
392,86600.0,4997213.612588,1138783.8713180001,81950.0,0.7094387836883421,53.39056121631165,medium low,,,,more than 1 per person,59 per 100 people,8495454.0,high access,[0%-25%),70.69314634
393,148460.0,10387752.0166628,1635717.3850081998,220950.0,1.142882321344596,31.610117678655406,very low,,0.62749773525,,less than 1 per person,66 per 1000 people,763566.0,medium access,[0%-25%),71.2452439
394,207600.0,8927690.109911999,8792332.167516,158000.0,43.61726897697197,32.259731023028024,medium low,,,,more than 1 per person,54 per 100 people,26093387.0,very high access,[25%-50%),72.47073171
395,22970.0,161122.31477683,1385994.2920342,1050.0,2.6579861845103454,41.64001381548965,low,0.652552117,,,less than 1 per person,336 per 1000 people,171415456.0,very high access,[0%-25%),69.98204878
397,5770.0,15766.223909860002,416053.1309322,9250.0,0.7985244588571474,75.76247554114285,unknown,0.383263086,,,more than 1 per person,64 per 100 people,119076839.0,no info,unknown,78.54665854
398,27830.0,2203208.3334261,289137.227423,51050.0,7.990996385468888,3.4810036145311143,very low,,0.662556194,,less than 1 per person,13 per 1000 people,286644.0,low access,[25%-50%),56.25160976
400,9562911.0,524128030.74823946,209056039.40188068,2993000.0,0.2616322058674779,52.90636779413252,medium low,2.6271186440000003,,,less than 1 per person,46 per 100 people,3873639.0,medium access,[0%-25%),75.35302439
401,1141749.0,46118221.25283072,60257148.98052654,455750.0,6.643884145343495,69.23911585465649,medium low,2.022774948,,,more than 1 per person,52 per 100 people,34176579.0,high access,[0%-25%),73.80973171
402,51100.0,1818423.4236490002,2697711.711569,9800.0,52.4455270143134,22.5104729856866,medium low,,0.43535715575,,more than 1 per person,46 per 100 people,81802928.0,very high access,[25%-50%),79.22521951
403,24825178.3,1200197043.8189292,652062236.3332695,8629430.0,2.947827241715982,51.836845568284026,medium low,2.909178822,,,less than 1 per person,44 per 100 people,112090708.0,high access,[0%-25%),74.6046189
404,256370.0,7756338.299568401,13115117.4878445,58983.0,5.953534229448152,57.34446577055186,medium low,2.738631757,,,more than 1 per person,40 per 100 people,24582870.0,high access,[25%-50%),75.6485122
405,6385618.0,431904263.0541356,65656030.99189798,1526580.0,20.243184463618924,39.460728326381066,medium low,2.784383849,,,more than 1 per person,44 per 100 people,33906603.0,very high access,[0%-25%),72.45646107
407,11300.0,675543.47831,541328.0632420001,800.0,51.41657610392764,6.956423896072372,very low,,0.4749775247500001,,less than 1 per person,140 per 1000 people,4285229.0,medium access,[0%-25%),59.99926829
409,540.0,17999.9999982,25000.000002,,92.37105497705109,1.9849450229489207,unknown,,,,unknown,65 per 100 people,242246595.0,high access,unknown,78.8725122
410,108890.0,3780767.2922422006,3671125.3458138,42300.0,0.17764959452737744,50.48335040547262,low,,0.3619476094166667,,more than 1 per person,197 per 1000 people,13128718.0,medium access,[0%-25%),71.48639024
411,214970.0,1832459.53782353,18069055.728206698,1100.0,7.740919321532021,20.641080678467976,low,1.832450594,,,less than 1 per person,350 per 1000 people,13140035.0,high access,[25%-50%),66.31002439
413,103000.0,1923557.10716,47878.304215,200.0,59.41604438344021,34.5259556165598,high,,0.3237204160833333,,more than 1 per person,97 per 100 people,2915704031.0,very high access,[25%-50%),83.11707317
414,1745150.0,49466009.113796,11457498.32452445,563000.0,53.04866472976195,19.27133527023804,medium low,,,0.7551223265384616,less than 1 per person,300 per 1000 people,1270212.0,high access,[0%-25%),75.12597561
416,22070.0,530638.6784255999,163791.21995218,184500.0,28.75004290982307,63.261957090176935,high,1.525873129,,,more than 1 per person,71 per 100 people,270364166.0,very high access,[0%-25%),82.05609756
417,10990.0,450559.5568208,340923.39792700013,2830.0,39.31067605281537,15.025323947184644,medium low,,0.7787002361666667,,more than 1 per person,371 per 1000 people,44571586.0,high access,[0%-25%),73.46892683
418,89320.0,1063026.7178916,98093.03898239999,115500.0,72.18761237911006,11.023387620889935,medium low,,0.4557490890833333,,more than 1 per person,41 per 100 people,26934985.0,very high access,[0%-25%),73.90141463
419,120540.0,2632839.465438,5290705.921809,1379000.0,1.6375486036497418,58.93145139635026,unknown,,,,less than 1 per person,unknown,40168.0,high access,[0%-25%),69.79195122
420,100266.0,1819511.1546927,6377290.41104652,659500.0,62.91456244270535,19.33443755729465,medium high,1.307866014,,,more than 1 per person,85 per 100 people,1994895665.0,very high access,[0%-25%),81.45975609999998
421,199949.0,11035558.52080697,680743.988606237,20400.0,34.25506592049513,1.2279340795048768,very low,,0.5505446435,,more than 1 per person,230 per 1000 people,5419959.0,very high access,[0%-25%),70.20243902
422,20818177.5,822524629.5798697,563083938.6467253,3134520.0,29.97101716841661,0.5319688515833896,very low,,0.4749775247500001,,less than 1 per person,71 per 1000 people,938352.0,low access,[0%-25%),62.77473727
423,30360.0,2252100.000084001,47000.00001312,2000.0,21.886916057952924,4.384083942047074,very low,,0.4106950592500001,,less than 1 per person,50 per 1000 people,480063.0,low access,[25%-50%),49.33146341
424,160.0,5600.0,6900.0,,0.4418629982855177,13.888137001714485,unknown,,,,more than 1 per person,94 per 100 people,8207343413.0,no info,[0%-25%),82.38292683
425,65300.0,3012499.720488,2267136.81722,21950.0,8.281887703779464,58.27211229622054,medium high,1.047466621,,,more than 1 per person,68 per 100 people,256619273.0,very high access,[0%-25%),74.16341463
426,76599979.5,3327454358.189047,2144714556.2867134,20025813.0,16.35896489066971,30.052624719330286,low,,0.3619476094166667,,less than 1 per person,283 per 1000 people,9082471.0,medium access,[0%-25%),69.31113049
427,30.3,,,,35.50771179684792,64.49228820315207,unknown,,0.4592231935,,more than 3 per person,66 per 100 people,309828608.0,no info,unknown,80.33914634
428,25710.0,1284480.5709903,1017390.1665924,8000.0,10.668428634229103,46.31257136577089,low,2.784383849,,,more than 1 per person,65 per 100 people,52592395.0,very high access,[25%-50%),75.18704878
429,11370800.0,377812656.799116,23449794.346272,3320240.0,33.522196873212515,29.920210246787487,medium low,2.702702703,,,more than 1 per person,347 per 1000 people,20001251.0,very high access,[0%-25%),72.89600109999998
434,923770.0,71810573.47012909,7923708.503900548,162000.0,16.595087335210007,29.498912664789987,low,,0.7063189404166667,,less than 1 per person,380 per 1000 people,1683867.0,low access,[0%-25%),52.44214634
435,19816230.0,511335882.74479824,713420042.944768,1498850.0,80.57019437250773,0.729758157492256,very high,1.201562277,,,less than 1 per person,84 per 100 people,1278212588.0,very high access,[0%-25%),79.09764889
436,36197059.0,1277284829.3033195,1130756950.3407795,5663760.0,38.52045100302457,41.28188490697543,high,1.449779629,,,more than 1 per person,76 per 100 people,838203690.0,very high access,[25%-50%),79.92197388
437,796100.0,37466931.298792,1608971.3057513004,947800.0,2.4541009591599625,35.40589904084004,very low,,0.64079197125,,less than 1 per person,109 per 1000 people,1285924.0,medium access,[0%-25%),65.96368293
438,75420.0,2289789.3459276003,4717351.5734952,12000.0,4.872304165092936,61.121695834907065,medium low,,0.3355966596666667,,more than 1 per person,44 per 100 people,91179428.0,medium access,[0%-25%),77.41921951
439,406752.0,22098519.808632,16353826.071659518,25450.0,10.615161303280908,48.55883869671909,low,2.683857387,,,more than 1 per person,369 per 1000 people,16239619.0,high access,[0%-25%),72.79917073
440,1285220.0,24433237.09375,74611238.128125,192000.0,44.79287640563328,33.161123594366714,medium low,2.8165028210000003,,,less than 1 per person,392 per 1000 people,21233117.0,medium access,[0%-25%),74.28385366
442,238390.0,14410350.6054207,6966920.0276269,151300.0,45.9808663943195,8.2541336056805,medium low,,0.33211332516666664,,more than 1 per person,50 per 100 people,68956223.0,high access,[0%-25%),74.46341463
444,960.0,48700.0000032,53599.99999680001,,58.59021085490232,5.311789145097691,low,,0.6755243940000001,,less than 1 per person,230 per 1000 people,49345893.0,low access,[0%-25%),66.2595122
445,196710.0,9111617.8262742,8534351.1652782,18600.0,33.8208136114066,9.258186388593394,very low,0.6986268370000001,,,less than 1 per person,131 per 1000 people,2179869.0,low access,[25%-50%),65.8787561
446,637660.0,44850874.32865299,6623800.740346202,11000.0,24.07907208973351,14.532927910266485,unknown,,,,less than 1 per person,15 per 1000 people,,no info,[0%-25%),55.02302439
447,1219090.0,97319980.1302174,9286706.41904316,77150.0,6.464737649255808,57.32326235074419,medium low,,0.4537732901666667,,more than 1 per person,46 per 100 people,86065012.0,medium access,[25%-50%),56.73658537
448,5136164.0,291670527.8974692,89473923.74296421,4629950.0,24.41101669997721,7.776593800022787,very low,,0.6326787245833333,,less than 1 per person,138 per 1000 people,3273938.0,low access,[0%-25%),67.78092073
449,620.0,10773.7704916,20754.7541008,,0.9938587986074251,17.465141201392573,medium low,1.472018389,,,more than 1 per person,46 per 100 people,71309070.0,very high access,[0%-25%),74.91270732
450,390.0,9999.9999996,26999.999999699998,,10.127229588753476,39.72077041124653,medium low,0.8051278040000001,,,more than 1 per person,52 per 100 people,237818654.0,no info,[0%-25%),72.81087805
451,163820.0,87370.66661206,16108546.6152586,1940.0,19.08210886003218,47.05789113996782,medium low,1.960784314,,,more than 1 per person,374 per 1000 people,33742619.0,high access,[0%-25%),70.99
452,447420.0,3347796.479692321,30835227.7221144,16100.0,15.59761905394954,69.91638094605045,very high,-0.04429297,,,more than 1 per person,95 per 100 people,1437964064.0,very high access,[25%-50%),81.70487805
454,5130.0,54000.00000269999,231250.0000023,4050.0,5.443007922391467,3.222992077608533,medium low,,0.4333181170833333,,more than 1 per person,64 per 100 people,92713463.0,very high access,[25%-50%),70.30529268
456,603550.0,43001322.6717975,10015479.4744725,121500.0,29.56724923118724,39.70675076881275,low,-0.276243094,,,more than 1 per person,41 per 100 people,26489571.0,very high access,[0%-25%),71.1595122
457,243610.0,17369988.1051246,3131596.3305605007,159150.0,42.8184244335348,39.27357556646521,high,2.554546687,,,more than 1 per person,90 per 100 people,1193274739.0,very high access,[0%-25%),80.95609756
458,9831510.0,435757614.6882465,332694329.419413,1433150.0,22.94836334413025,58.328636655869744,very high,1.464832656,,,less than 1 per person,84 per 100 people,1304449354.0,very high access,[0%-25%),78.84146341
459,176220.0,14461477.8886314,1811858.1563214,25450.0,92.40906864025007,2.5739313597499205,medium high,,0.7145945866666666,,more than 1 per person,58 per 100 people,75118054.0,very high access,[0%-25%),76.83619512
460,330972.0,11606702.47428852,15493464.636604682,522000.0,27.411814673737346,4.897185326262651,low,,0.5493546581666666,,more than 1 per person,44 per 100 people,8159726.0,medium access,[0%-25%),75.7564878
461,350.0,4000.0000005,17819.999998500003,,32.29171886311932,62.77228113688067,unknown,,,,unknown,45 per 100 people,401004421.0,very high access,unknown,79.62439024
